id_journey;id_leg;legMode;date;startTime;endTime;x_origin;y_origin;x_dest;y_dest;legStartTime;legEndTime;legDepartureDelay;legArrivalDelay;legDistance;legInterlineWithPreviousLeg;legDuration;legStopIdOrigin;legOrigName;x_legOrigin;y_legOrigin;legStopIdDest;legDestName;x_legDest;y_legDest;transitLeg;route;agencyName;tripshortName;headsign
1;1;CAR;20181029T180000;20181029T180000;20181029T184419;2.38575;48.99779;2.19375;48.71342;20181029T180000;20181029T184419;0;0;46232;0;2659;;Avenue de la Pépinière (Sarcelles);2.38575;48.99779;;Chemin de Corbeville à la Vauve (Palaiseau) (Orsay);2.38575;48.99779;False;;;;
2;1;CAR;20181029T180000;20181029T181419;20181029T193715;2.38575;48.99779;2.19375;48.71342;20181029T181419;20181029T183200;0;0;12704;0;1061;;Avenue de la Pépinière (Sarcelles);2.38575;48.99779;;;2.38575;48.99779;False;;;;
2;2;RAIL;20181029T180000;20181029T181419;20181029T193715;2.38575;48.99779;2.19375;48.71342;20181029T183200;20181029T191800;0;0;29444;0;2760;stop_point:8716479:810:B;GARE DE LA PLAINE STADE DE FRANCE (Saint-Denis);2.362666;48.918114;stop_point:8775883:810:B;GARE DU GUICHET (Orsay);2.362666;48.918114;True;B;RER;GARE D'ORSAY VILLE;GARE D'ORSAY VILLE (Orsay)
2;3;WALK;20181029T180000;20181029T181419;20181029T193715;2.38575;48.99779;2.19375;48.71342;20181029T191800;20181029T193715;0;0;1293;0;1155;;;2.19266;48.70538;;Chemin de Corbeville à la Vauve (Palaiseau) (Orsay);2.19266;48.70538;False;;;;
3;1;CAR;20181029T180000;20181029T181255;20181029T193715;2.38575;48.99779;2.19375;48.71342;20181029T181255;20181029T182200;0;0;6105;0;545;;Avenue de la Pépinière (Sarcelles);2.38575;48.99779;;;2.38575;48.99779;False;;;;
3;2;RAIL;20181029T180000;20181029T181255;20181029T193715;2.38575;48.99779;2.19375;48.71342;20181029T182200;20181029T183500;0;0;9823;0;780;stop_point:8727116:800:D;GARE DE PIERREFITTE STAINS (Pierrefitte-sur-Seine);2.372103;48.963755;stop_point:8727102:800:D;GARE DU NORD RER (Paris);2.372103;48.963755;True;D;RER;GARE DE CORBEIL ESSONNES;GARE DE CORBEIL ESSONNES (Corbeil-Essonnes)
3;3;WALK;20181029T180000;20181029T181255;20181029T193715;2.38575;48.99779;2.19375;48.71342;20181029T183500;20181029T183748;0;0;0;0;168;stop_point:8727102:800:D;GARE DU NORD RER (Paris);2.357115;48.880769;stop_point:8727102:810:B;GARE DU NORD RER (Paris);2.357115;48.880769;False;;;;
3;4;WALK;20181029T180000;20181029T181255;20181029T193715;2.38575;48.99779;2.19375;48.71342;20181029T183748;20181029T183800;0;0;0;0;12;;;;;;;;;;;;;
3;5;RAIL;20181029T180000;20181029T181255;20181029T193715;2.38575;48.99779;2.19375;48.71342;20181029T183800;20181029T191800;0;0;25271;0;2400;stop_point:8727102:810:B;GARE DU NORD RER (Paris);2.357115;48.880769;stop_point:8775883:810:B;GARE DU GUICHET (Orsay);2.357115;48.880769;True;B;RER;GARE D'ORSAY VILLE;GARE D'ORSAY VILLE (Orsay)
3;6;WALK;20181029T180000;20181029T181255;20181029T193715;2.38575;48.99779;2.19375;48.71342;20181029T191800;20181029T193715;0;0;1293;0;1155;;;2.19266;48.70538;;Chemin de Corbeville à la Vauve (Palaiseau) (Orsay);2.19266;48.70538;False;;;;
4;1;CAR;20181029T180000;20181029T181419;20181029T193930;2.38575;48.99779;2.19375;48.71342;20181029T181419;20181029T183200;0;0;12704;0;1061;;Avenue de la Pépinière (Sarcelles);2.38575;48.99779;;;2.38575;48.99779;False;;;;
4;2;RAIL;20181029T180000;20181029T181419;20181029T193930;2.38575;48.99779;2.19375;48.71342;20181029T183200;20181029T190900;0;0;23726;0;2220;stop_point:8716479:810:B;GARE DE LA PLAINE STADE DE FRANCE (Saint-Denis);2.362666;48.918114;stop_point:8775879:810:B;GARE DE MASSY PALAISEAU RER B (Massy);2.362666;48.918114;True;B;RER;GARE D'ORSAY VILLE;GARE D'ORSAY VILLE (Orsay)
4;3;WALK;20181029T180000;20181029T181419;20181029T193930;2.38575;48.99779;2.19375;48.71342;20181029T190900;20181029T191201;0;0;0;0;181;stop_point:8775879:810:B;GARE DE MASSY PALAISEAU RER B (Massy);2.258966;48.724309;stop_point:56:10103;GARE MASSY PALAISEAU (Massy);2.258966;48.724309;False;;;;
4;4;WALK;20181029T180000;20181029T181419;20181029T193930;2.38575;48.99779;2.19375;48.71342;20181029T191201;20181029T192000;0;0;0;0;479;;;;;;;;;;;;;
4;5;BUS;20181029T180000;20181029T181419;20181029T193930;2.38575;48.99779;2.19375;48.71342;20181029T192000;20181029T193500;0;0;5883;0;900;stop_point:56:10103;GARE MASSY PALAISEAU (Massy);2.258015;48.723332;stop_point:56:11901;Corbeville (Orsay);2.258015;48.723332;True;EXPRESS 91-06;Albatrans;Christ de Saclay;Christ de Saclay (Saclay)
4;6;WALK;20181029T180000;20181029T181419;20181029T193930;2.38575;48.99779;2.19375;48.71342;20181029T193500;20181029T193930;0;0;236.87870662936746;0;270;stop_point:56:11901;Corbeville (Orsay);2.190836;48.713597;;Chemin de Corbeville à la Vauve (Palaiseau) (Orsay);2.190836;48.713597;False;;;;
5;1;CAR;20181029T180000;20181029T181255;20181029T193930;2.38575;48.99779;2.19375;48.71342;20181029T181255;20181029T182200;0;0;6105;0;545;;Avenue de la Pépinière (Sarcelles);2.38575;48.99779;;;2.38575;48.99779;False;;;;
5;2;RAIL;20181029T180000;20181029T181255;20181029T193930;2.38575;48.99779;2.19375;48.71342;20181029T182200;20181029T183900;0;0;12056;0;1020;stop_point:8727116:800:D;GARE DE PIERREFITTE STAINS (Pierrefitte-sur-Seine);2.372103;48.963755;stop_point:8775860:800:D;CHATELET LES HALLES (Paris);2.372103;48.963755;True;D;RER;GARE DE CORBEIL ESSONNES;GARE DE CORBEIL ESSONNES (Corbeil-Essonnes)
5;3;WALK;20181029T180000;20181029T181255;20181029T193930;2.38575;48.99779;2.19375;48.71342;20181029T183900;20181029T184148;0;0;0;0;168;stop_point:8775860:800:D;CHATELET LES HALLES (Paris);2.347013;48.861822;stop_point:8775860:810:B;CHATELET LES HALLES (Paris);2.347013;48.861822;False;;;;
5;4;WALK;20181029T180000;20181029T181255;20181029T193930;2.38575;48.99779;2.19375;48.71342;20181029T184148;20181029T184400;0;0;0;0;132;;;;;;;;;;;;;
5;5;RAIL;20181029T180000;20181029T181255;20181029T193930;2.38575;48.99779;2.19375;48.71342;20181029T184400;20181029T191600;0;0;17695;0;1920;stop_point:8775860:810:B;CHATELET LES HALLES (Paris);2.347013;48.861822;stop_point:8775879:810:B;GARE DE MASSY PALAISEAU RER B (Massy);2.347013;48.861822;True;B;RER;GARE DE MASSY PALAISEAU RER B;GARE DE MASSY PALAISEAU RER B (Massy)
5;6;WALK;20181029T180000;20181029T181255;20181029T193930;2.38575;48.99779;2.19375;48.71342;20181029T191600;20181029T191901;0;0;0;0;181;stop_point:8775879:810:B;GARE DE MASSY PALAISEAU RER B (Massy);2.258966;48.724309;stop_point:56:10103;GARE MASSY PALAISEAU (Massy);2.258966;48.724309;False;;;;
5;7;WALK;20181029T180000;20181029T181255;20181029T193930;2.38575;48.99779;2.19375;48.71342;20181029T191901;20181029T192000;0;0;0;0;59;;;;;;;;;;;;;
5;8;BUS;20181029T180000;20181029T181255;20181029T193930;2.38575;48.99779;2.19375;48.71342;20181029T192000;20181029T193500;0;0;5883;0;900;stop_point:56:10103;GARE MASSY PALAISEAU (Massy);2.258015;48.723332;stop_point:56:11901;Corbeville (Orsay);2.258015;48.723332;True;EXPRESS 91-06;Albatrans;Christ de Saclay;Christ de Saclay (Saclay)
5;9;WALK;20181029T180000;20181029T181255;20181029T193930;2.38575;48.99779;2.19375;48.71342;20181029T193500;20181029T193930;0;0;236.87870662936746;0;270;stop_point:56:11901;Corbeville (Orsay);2.190836;48.713597;;Chemin de Corbeville à la Vauve (Palaiseau) (Orsay);2.190836;48.713597;False;;;;
1;1;CAR;20181029T180000;20181029T180000;20181029T184425;2.13478;48.82314;2.68684;48.86155;20181029T180000;20181029T184425;0;0;50566;0;2665;;22 Rue Molière (Le Chesnay-Rocquencourt);2.13478;48.82314;;Rue des Closeaux (Saint-Thibault-des-Vignes) (Gouvernes);2.13478;48.82314;False;;;;
2;1;CAR;20181029T180000;20181029T182606;20181029T195008;2.13478;48.82314;2.68684;48.86155;20181029T182606;20181029T184600;0;0;14630;0;1194;;22 Rue Molière (Le Chesnay-Rocquencourt);2.13478;48.82314;;;2.13478;48.82314;False;;;;
2;2;RAIL;20181029T180000;20181029T182606;20181029T195008;2.13478;48.82314;2.68684;48.86155;20181029T184600;20181029T192600;0;0;32867;0;2400;stop_point:8775801:810:A;GARE DE LA DEFENSE RER A (Puteaux);2.237018;48.892187;stop_point:8775837:810:A;GARE DE TORCY (Torcy);2.237018;48.892187;True;A;RER;GARE DE MARNE LA VALLEE CHESSY;GARE DE MARNE LA VALLEE CHESSY (Chessy)
2;3;WALK;20181029T180000;20181029T182606;20181029T195008;2.13478;48.82314;2.68684;48.86155;20181029T192600;20181029T193035;0;0;0;0;275;stop_point:8775837:810:A;GARE DE TORCY (Torcy);2.65513;48.839646;stop_point:9:1737;GARE DE TORCY (Torcy);2.65513;48.839646;False;;;;
2;4;WALK;20181029T180000;20181029T182606;20181029T195008;2.13478;48.82314;2.68684;48.86155;20181029T193035;20181029T193400;0;0;0;0;205;;;;;;;;;;;;;
2;5;BUS;20181029T180000;20181029T182606;20181029T195008;2.13478;48.82314;2.68684;48.86155;20181029T193400;20181029T194500;0;0;4295;0;660;stop_point:9:1737;GARE DE TORCY (Torcy);2.654381;48.83897;stop_point:9:946;PASTEUR (Gouvernes);2.654381;48.83897;True;21;Pep's;GARE DE LAGNY THORIGNY;GARE DE LAGNY THORIGNY (Thorigny-sur-Marne)
2;6;WALK;20181029T180000;20181029T182606;20181029T195008;2.13478;48.82314;2.68684;48.86155;20181029T194500;20181029T195008;0;0;344;0;308;;;2.69194;48.86046;;Rue des Closeaux (Saint-Thibault-des-Vignes) (Gouvernes);2.69194;48.86046;False;;;;
3;1;CAR;20181029T180000;20181029T181034;20181029T195008;2.13478;48.82314;2.68684;48.86155;20181029T181034;20181029T181900;0;0;3563;0;506;;22 Rue Molière (Le Chesnay-Rocquencourt);2.13478;48.82314;;;2.13478;48.82314;False;;;;
3;2;RAIL;20181029T180000;20181029T181034;20181029T195008;2.13478;48.82314;2.68684;48.86155;20181029T181900;20181029T183500;0;0;10331;0;960;stop_point:8738226:800:L;GARE DE VAUCRESSON (Vaucresson);2.152697;48.836643;stop_point:8738221:800:L;GARE DE LA DEFENSE (Puteaux);2.152697;48.836643;True;L;TRAIN;GARE ST LAZARE;GARE ST LAZARE (Paris)
3;3;WALK;20181029T180000;20181029T181034;20181029T195008;2.13478;48.82314;2.68684;48.86155;20181029T183500;20181029T183933;0;0;0;0;273;stop_point:8738221:800:L;GARE DE LA DEFENSE (Puteaux);2.237018;48.892187;stop_point:8775801:810:A;GARE DE LA DEFENSE RER A (Puteaux);2.237018;48.892187;False;;;;
3;4;WALK;20181029T180000;20181029T181034;20181029T195008;2.13478;48.82314;2.68684;48.86155;20181029T183933;20181029T184600;0;0;0;0;387;;;;;;;;;;;;;
3;5;RAIL;20181029T180000;20181029T181034;20181029T195008;2.13478;48.82314;2.68684;48.86155;20181029T184600;20181029T192600;0;0;32867;0;2400;stop_point:8775801:810:A;GARE DE LA DEFENSE RER A (Puteaux);2.237018;48.892187;stop_point:8775837:810:A;GARE DE TORCY (Torcy);2.237018;48.892187;True;A;RER;GARE DE MARNE LA VALLEE CHESSY;GARE DE MARNE LA VALLEE CHESSY (Chessy)
3;6;WALK;20181029T180000;20181029T181034;20181029T195008;2.13478;48.82314;2.68684;48.86155;20181029T192600;20181029T193035;0;0;0;0;275;stop_point:8775837:810:A;GARE DE TORCY (Torcy);2.65513;48.839646;stop_point:9:1737;GARE DE TORCY (Torcy);2.65513;48.839646;False;;;;
3;7;WALK;20181029T180000;20181029T181034;20181029T195008;2.13478;48.82314;2.68684;48.86155;20181029T193035;20181029T193400;0;0;0;0;205;;;;;;;;;;;;;
3;8;BUS;20181029T180000;20181029T181034;20181029T195008;2.13478;48.82314;2.68684;48.86155;20181029T193400;20181029T194500;0;0;4295;0;660;stop_point:9:1737;GARE DE TORCY (Torcy);2.654381;48.83897;stop_point:9:946;PASTEUR (Gouvernes);2.654381;48.83897;True;21;Pep's;GARE DE LAGNY THORIGNY;GARE DE LAGNY THORIGNY (Thorigny-sur-Marne)
3;9;WALK;20181029T180000;20181029T181034;20181029T195008;2.13478;48.82314;2.68684;48.86155;20181029T194500;20181029T195008;0;0;344;0;308;;;2.69194;48.86046;;Rue des Closeaux (Saint-Thibault-des-Vignes) (Gouvernes);2.69194;48.86046;False;;;;
4;1;CAR;20181029T180000;20181029T180727;20181029T195008;2.13478;48.82314;2.68684;48.86155;20181029T180727;20181029T181500;0;0;2598;0;453;;22 Rue Molière (Le Chesnay-Rocquencourt);2.13478;48.82314;;;2.13478;48.82314;False;;;;
4;2;RAIL;20181029T180000;20181029T180727;20181029T195008;2.13478;48.82314;2.68684;48.86155;20181029T181500;20181029T183900;0;0;13872;0;1440;stop_point:8738286:800:L;GARE DE VERSAILLES RIVE DROITE (Versailles);2.135087;48.809482;stop_point:8738221:800:L;GARE DE LA DEFENSE (Puteaux);2.135087;48.809482;True;L;TRAIN;GARE ST LAZARE;GARE ST LAZARE (Paris)
4;3;WALK;20181029T180000;20181029T180727;20181029T195008;2.13478;48.82314;2.68684;48.86155;20181029T183900;20181029T184333;0;0;0;0;273;stop_point:8738221:800:L;GARE DE LA DEFENSE (Puteaux);2.237018;48.892187;stop_point:8775801:810:A;GARE DE LA DEFENSE RER A (Puteaux);2.237018;48.892187;False;;;;
4;4;WALK;20181029T180000;20181029T180727;20181029T195008;2.13478;48.82314;2.68684;48.86155;20181029T184333;20181029T184600;0;0;0;0;147;;;;;;;;;;;;;
4;5;RAIL;20181029T180000;20181029T180727;20181029T195008;2.13478;48.82314;2.68684;48.86155;20181029T184600;20181029T192600;0;0;32867;0;2400;stop_point:8775801:810:A;GARE DE LA DEFENSE RER A (Puteaux);2.237018;48.892187;stop_point:8775837:810:A;GARE DE TORCY (Torcy);2.237018;48.892187;True;A;RER;GARE DE MARNE LA VALLEE CHESSY;GARE DE MARNE LA VALLEE CHESSY (Chessy)
4;6;WALK;20181029T180000;20181029T180727;20181029T195008;2.13478;48.82314;2.68684;48.86155;20181029T192600;20181029T193035;0;0;0;0;275;stop_point:8775837:810:A;GARE DE TORCY (Torcy);2.65513;48.839646;stop_point:9:1737;GARE DE TORCY (Torcy);2.65513;48.839646;False;;;;
4;7;WALK;20181029T180000;20181029T180727;20181029T195008;2.13478;48.82314;2.68684;48.86155;20181029T193035;20181029T193400;0;0;0;0;205;;;;;;;;;;;;;
4;8;BUS;20181029T180000;20181029T180727;20181029T195008;2.13478;48.82314;2.68684;48.86155;20181029T193400;20181029T194500;0;0;4295;0;660;stop_point:9:1737;GARE DE TORCY (Torcy);2.654381;48.83897;stop_point:9:946;PASTEUR (Gouvernes);2.654381;48.83897;True;21;Pep's;GARE DE LAGNY THORIGNY;GARE DE LAGNY THORIGNY (Thorigny-sur-Marne)
4;9;WALK;20181029T180000;20181029T180727;20181029T195008;2.13478;48.82314;2.68684;48.86155;20181029T194500;20181029T195008;0;0;344;0;308;;;2.69194;48.86046;;Rue des Closeaux (Saint-Thibault-des-Vignes) (Gouvernes);2.69194;48.86046;False;;;;
1;1;CAR;20181029T180000;20181029T180000;20181029T183225;2.07710;48.88684;2.26971;48.77321;20181029T180000;20181029T183225;0;0;36657;0;1945;;35 Rue des Closeaux (Mareil-Marly);2.0771;48.88684;;Rue Eugène Sinet (Châtenay-Malabry);2.0771;48.88684;False;;;;
2;1;CAR;20181029T180000;20181029T180417;20181029T193503;2.07710;48.88684;2.26971;48.77321;20181029T180417;20181029T180900;0;0;2002;0;283;;35 Rue des Closeaux (Mareil-Marly);2.0771;48.88684;;;2.0771;48.88684;False;;;;
2;2;RAIL;20181029T180000;20181029T180417;20181029T193503;2.07710;48.88684;2.26971;48.77321;20181029T180900;20181029T183900;0;0;20552;0;1800;stop_point:8775809:810:A;GARE DE ST GERMAIN EN LAYE (Saint-Germain-en-Laye);2.094837;48.898076;stop_point:8775860:810:A;CHATELET LES HALLES (Paris);2.094837;48.898076;True;A;RER;GARE DE MARNE LA VALLEE CHESSY;GARE DE MARNE LA VALLEE CHESSY (Chessy)
2;3;WALK;20181029T180000;20181029T180417;20181029T193503;2.07710;48.88684;2.26971;48.77321;20181029T183900;20181029T184148;0;0;0;0;168;stop_point:8775860:810:A;CHATELET LES HALLES (Paris);2.347013;48.861822;stop_point:8775860:810:B;CHATELET LES HALLES (Paris);2.347013;48.861822;False;;;;
2;4;WALK;20181029T180000;20181029T180417;20181029T193503;2.07710;48.88684;2.26971;48.77321;20181029T184148;20181029T184700;0;0;0;0;312;;;;;;;;;;;;;
2;5;RAIL;20181029T180000;20181029T180417;20181029T193503;2.07710;48.88684;2.26971;48.77321;20181029T184700;20181029T191300;0;0;12942;0;1560;stop_point:8775860:810:B;CHATELET LES HALLES (Paris);2.347013;48.861822;stop_point:8775872:810:B;GARE DE ROBINSON (Sceaux);2.347013;48.861822;True;B;RER;GARE DE ROBINSON;GARE DE ROBINSON (Sceaux)
2;6;WALK;20181029T180000;20181029T180417;20181029T193503;2.07710;48.88684;2.26971;48.77321;20181029T191300;20181029T191836;0;0;0;0;336;stop_point:8775872:810:B;GARE DE ROBINSON (Sceaux);2.281431;48.780237;stop_point:59:5976643;ROBINSON RER (Châtenay-Malabry);2.281431;48.780237;False;;;;
2;7;WALK;20181029T180000;20181029T180417;20181029T193503;2.07710;48.88684;2.26971;48.77321;20181029T191836;20181029T192400;0;0;0;0;324;;;;;;;;;;;;;
2;8;BUS;20181029T180000;20181029T180417;20181029T193503;2.07710;48.88684;2.26971;48.77321;20181029T192400;20181029T192700;0;0;846;0;180;stop_point:59:5976643;ROBINSON RER (Châtenay-Malabry);2.280017;48.779387;stop_point:59:5121968;MARC SANGNIER (Châtenay-Malabry);2.280017;48.779387;True;194;RATP;LYCEE POLYVALENT;LYCEE POLYVALENT (Châtenay-Malabry)
2;9;WALK;20181029T180000;20181029T180417;20181029T193503;2.07710;48.88684;2.26971;48.77321;20181029T192700;20181029T193503;0;0;540;0;483;;;2.27539;48.77242;;Rue Eugène Sinet (Châtenay-Malabry);2.27539;48.77242;False;;;;
1;1;CAR;20181029T080000;20181029T080000;20181029T085428;2.72118;48.89429;2.07710;48.88684;20181029T080000;20181029T085428;0;0;69218;0;3268;;Rue du Lièvre (Thorigny-sur-Marne);2.72118;48.89429;;35 Rue des Closeaux (Mareil-Marly);2.72118;48.89429;False;;;;
2;1;CAR;20181029T080000;20181029T081004;20181029T094143;2.72118;48.89429;2.07710;48.88684;20181029T081004;20181029T083300;0;0;18024;0;1376;;Rue du Lièvre (Thorigny-sur-Marne);2.72118;48.89429;;;2.72118;48.89429;False;;;;
2;2;RAIL;20181029T080000;20181029T081004;20181029T094143;2.72118;48.89429;2.07710;48.88684;20181029T083300;20181029T092100;0;0;33717;0;2880;stop_point:8775831:810:A;GARE DE NEUILLY PLAISANCE (Neuilly-Plaisance);2.513825;48.853486;stop_point:8775809:810:A;GARE DE ST GERMAIN EN LAYE (Saint-Germain-en-Laye);2.513825;48.853486;True;A;RER;GARE DE ST GERMAIN EN LAYE;GARE DE ST GERMAIN EN LAYE (Saint-Germain-en-Laye)
2;3;WALK;20181029T080000;20181029T081004;20181029T094143;2.72118;48.89429;2.07710;48.88684;20181029T092100;20181029T092837;0;0;0;0;457;stop_point:8775809:810:A;GARE DE ST GERMAIN EN LAYE (Saint-Germain-en-Laye);2.094837;48.898076;stop_point:23:555;Place Royale (Saint-Germain-en-Laye);2.094837;48.898076;False;;;;
2;4;WALK;20181029T080000;20181029T081004;20181029T094143;2.72118;48.89429;2.07710;48.88684;20181029T092837;20181029T093200;0;0;0;0;203;;;;;;;;;;;;;
2;5;BUS;20181029T080000;20181029T081004;20181029T094143;2.72118;48.89429;2.07710;48.88684;20181029T093200;20181029T093800;0;0;2130;0;360;stop_point:23:555;Place Royale (Saint-Germain-en-Laye);2.097749;48.894642;stop_point:23:1151;Quatre Chemins (Saint-Germain-en-Laye);2.097749;48.894642;True;23;CSO;Gare routière;Gare routière (Les Clayes-sous-Bois)
2;6;WALK;20181029T080000;20181029T081004;20181029T094143;2.72118;48.89429;2.07710;48.88684;20181029T093800;20181029T094143;0;0;250;0;223;;;2.07999;48.88785;;35 Rue des Closeaux (Mareil-Marly);2.07999;48.88785;False;;;;
3;1;CAR;20181029T080000;20181029T081853;20181029T095542;2.72118;48.89429;2.07710;48.88684;20181029T081853;20181029T083200;0;0;11646;0;787;;Rue du Lièvre (Thorigny-sur-Marne);2.72118;48.89429;;;2.72118;48.89429;False;;;;
3;2;RAIL;20181029T080000;20181029T081853;20181029T095542;2.72118;48.89429;2.07710;48.88684;20181029T083200;20181029T093300;0;0;44475;0;3660;stop_point:8775837:810:A;GARE DE TORCY (Torcy);2.65513;48.839646;stop_point:8775809:810:A;GARE DE ST GERMAIN EN LAYE (Saint-Germain-en-Laye);2.65513;48.839646;True;A;RER;GARE DE ST GERMAIN EN LAYE;GARE DE ST GERMAIN EN LAYE (Saint-Germain-en-Laye)
3;3;WALK;20181029T080000;20181029T081853;20181029T095542;2.72118;48.89429;2.07710;48.88684;20181029T093300;20181029T094037;0;0;0;0;457;stop_point:8775809:810:A;GARE DE ST GERMAIN EN LAYE (Saint-Germain-en-Laye);2.094837;48.898076;stop_point:15:392;Place Royale (Saint-Germain-en-Laye);2.094837;48.898076;False;;;;
3;4;WALK;20181029T080000;20181029T081853;20181029T095542;2.72118;48.89429;2.07710;48.88684;20181029T094037;20181029T094400;0;0;0;0;203;;;;;;;;;;;;;
3;5;BUS;20181029T080000;20181029T081853;20181029T095542;2.72118;48.89429;2.07710;48.88684;20181029T094400;20181029T095200;0;0;2233;0;480;stop_point:15:392;Place Royale (Saint-Germain-en-Laye);2.097136;48.894749;stop_point:15:159;4 Chemins (Saint-Germain-en-Laye);2.097136;48.894749;True;R3-Sud;Résalys;Gare de St-Germain-En-Laye;Gare de St-Germain-En-Laye (Saint-Germain-en-Laye)
3;6;WALK;20181029T080000;20181029T081853;20181029T095542;2.72118;48.89429;2.07710;48.88684;20181029T095200;20181029T095542;0;0;248;0;222;;;2.07996;48.88785;;35 Rue des Closeaux (Mareil-Marly);2.07996;48.88785;False;;;;
4;1;CAR;20181029T080000;20181029T082856;20181029T101505;2.72118;48.89429;2.07710;48.88684;20181029T082856;20181029T084000;0;0;5755.246796436497;0;664;;Rue du Lièvre (Thorigny-sur-Marne);2.72118;48.89429;stop_point:8775499:810:A;GARE DE MARNE LA VALLEE CHESSY (Chessy);2.72118;48.89429;False;;;;
4;2;RAIL;20181029T080000;20181029T082856;20181029T101505;2.72118;48.89429;2.07710;48.88684;20181029T084000;20181029T095100;0;0;55191;0;4260;stop_point:8775499:810:A;GARE DE MARNE LA VALLEE CHESSY (Chessy);2.782227;48.86995;stop_point:8775809:810:A;GARE DE ST GERMAIN EN LAYE (Saint-Germain-en-Laye);2.782227;48.86995;True;A;RER;GARE DE ST GERMAIN EN LAYE;GARE DE ST GERMAIN EN LAYE (Saint-Germain-en-Laye)
4;3;WALK;20181029T080000;20181029T082856;20181029T101505;2.72118;48.89429;2.07710;48.88684;20181029T095100;20181029T095636;0;0;0;0;336;stop_point:8775809:810:A;GARE DE ST GERMAIN EN LAYE (Saint-Germain-en-Laye);2.094837;48.898076;stop_point:15:346;Gare de St-Germain-En-Laye (Saint-Germain-en-Laye);2.094837;48.898076;False;;;;
4;4;WALK;20181029T080000;20181029T082856;20181029T101505;2.72118;48.89429;2.07710;48.88684;20181029T095636;20181029T100000;0;0;0;0;204;;;;;;;;;;;;;
4;5;BUS;20181029T080000;20181029T082856;20181029T101505;2.72118;48.89429;2.07710;48.88684;20181029T100000;20181029T101200;0;0;2542;0;720;stop_point:15:346;Gare de St-Germain-En-Laye (Saint-Germain-en-Laye);2.094225;48.899317;stop_point:15:160;4 Chemins (Saint-Germain-en-Laye);2.094225;48.899317;True;R3-Nord;Résalys;Gare de St-Germain-En-Laye;Gare de St-Germain-En-Laye (Saint-Germain-en-Laye)
4;6;WALK;20181029T080000;20181029T082856;20181029T101505;2.72118;48.89429;2.07710;48.88684;20181029T101200;20181029T101505;0;0;207;0;185;;;2.07941;48.88779;;35 Rue des Closeaux (Mareil-Marly);2.07941;48.88779;False;;;;
1;1;CAR;20181029T180000;20181029T180000;20181029T185802;2.65320;48.93987;2.13478;48.82314;20181029T180000;20181029T185802;0;0;54066;0;3482;;;2.65618;48.93912;;22 Rue Molière (Le Chesnay-Rocquencourt);2.65618;48.93912;False;;;;
2;1;CAR;20181029T180000;20181029T180318;20181029T194725;2.65320;48.93987;2.13478;48.82314;20181029T180318;20181029T183300;0;0;15428.342684288518;0;1782;;;2.65320;48.93987;stop_point:8775831:810:A;GARE DE NEUILLY PLAISANCE (Neuilly-Plaisance);2.65320;48.93987;False;;;;
2;2;RAIL;20181029T180000;20181029T180318;20181029T194725;2.65320;48.93987;2.13478;48.82314;20181029T183300;20181029T190000;0;0;22120;0;1620;stop_point:8775831:810:A;GARE DE NEUILLY PLAISANCE (Neuilly-Plaisance);2.513825;48.853486;stop_point:8775801:810:A;GARE DE LA DEFENSE RER A (Puteaux);2.513825;48.853486;True;A;RER;GARE DU VESINET LE PECQ;GARE DU VESINET LE PECQ (Le Vésinet)
2;3;WALK;20181029T180000;20181029T180318;20181029T194725;2.65320;48.93987;2.13478;48.82314;20181029T190000;20181029T190434;0;0;0;0;274;stop_point:8775801:810:A;GARE DE LA DEFENSE RER A (Puteaux);2.237018;48.892187;stop_point:8738221:800:L;GARE DE LA DEFENSE (Puteaux);2.237018;48.892187;False;;;;
2;4;WALK;20181029T180000;20181029T180318;20181029T194725;2.65320;48.93987;2.13478;48.82314;20181029T190434;20181029T190700;0;0;0;0;146;;;;;;;;;;;;;
2;5;RAIL;20181029T180000;20181029T180318;20181029T194725;2.65320;48.93987;2.13478;48.82314;20181029T190700;20181029T193100;0;0;13872;0;1440;stop_point:8738221:800:L;GARE DE LA DEFENSE (Puteaux);2.237018;48.892187;stop_point:8738286:800:L;GARE DE VERSAILLES RIVE DROITE (Versailles);2.237018;48.892187;True;L;TRAIN;GARE DE VERSAILLES RIVE DROITE;GARE DE VERSAILLES RIVE DROITE (Versailles)
2;6;WALK;20181029T180000;20181029T180318;20181029T194725;2.65320;48.93987;2.13478;48.82314;20181029T193100;20181029T193529;0;0;0;0;269;stop_point:8738286:800:L;GARE DE VERSAILLES RIVE DROITE (Versailles);2.135087;48.809482;stop_point:21:705;GARE RIVE DROITE (Versailles);2.135087;48.809482;False;;;;
2;7;WALK;20181029T180000;20181029T180318;20181029T194725;2.65320;48.93987;2.13478;48.82314;20181029T193529;20181029T193600;0;0;0;0;31;;;;;;;;;;;;;
2;8;BUS;20181029T180000;20181029T180318;20181029T194725;2.65320;48.93987;2.13478;48.82314;20181029T193600;20181029T194300;0;0;1605;0;420;stop_point:21:705;GARE RIVE DROITE (Versailles);2.134438;48.809824;stop_point:21:1302;Corneille (Le Chesnay-Rocquencourt);2.134438;48.809824;True;17S;Val de Seine;GARE DE MAULE;GARE DE MAULE (Maule)
2;9;WALK;20181029T180000;20181029T180318;20181029T194725;2.65320;48.93987;2.13478;48.82314;20181029T194300;20181029T194725;0;0;296;0;265;;;2.13162;48.82293;;22 Rue Molière (Le Chesnay-Rocquencourt);2.13162;48.82293;False;;;;
3;1;CAR;20181029T180000;20181029T180203;20181029T195717;2.65320;48.93987;2.13478;48.82314;20181029T180203;20181029T182600;0;0;12417.606109756527;0;1437;;;2.65320;48.93987;stop_point:8775836:810:A;GARE DE LOGNES (Lognes);2.65320;48.93987;False;;;;
3;2;RAIL;20181029T180000;20181029T180203;20181029T195717;2.65320;48.93987;2.13478;48.82314;20181029T182600;20181029T190500;0;0;31370;0;2340;stop_point:8775836:810:A;GARE DE LOGNES (Lognes);2.633211;48.839219;stop_point:8775801:810:A;GARE DE LA DEFENSE RER A (Puteaux);2.633211;48.839219;True;A;RER;GARE DE ST GERMAIN EN LAYE;GARE DE ST GERMAIN EN LAYE (Saint-Germain-en-Laye)
3;3;WALK;20181029T180000;20181029T180203;20181029T195717;2.65320;48.93987;2.13478;48.82314;20181029T190500;20181029T190934;0;0;0;0;274;stop_point:8775801:810:A;GARE DE LA DEFENSE RER A (Puteaux);2.237018;48.892187;stop_point:8738221:800:L;GARE DE LA DEFENSE (Puteaux);2.237018;48.892187;False;;;;
3;4;WALK;20181029T180000;20181029T180203;20181029T195717;2.65320;48.93987;2.13478;48.82314;20181029T190934;20181029T191100;0;0;0;0;86;;;;;;;;;;;;;
3;5;RAIL;20181029T180000;20181029T180203;20181029T195717;2.65320;48.93987;2.13478;48.82314;20181029T191100;20181029T192900;0;0;11594;0;1080;stop_point:8738221:800:L;GARE DE LA DEFENSE (Puteaux);2.237018;48.892187;stop_point:8738243:800:L;GARE DE LA CELLE ST CLOUD (La Celle-Saint-Cloud);2.237018;48.892187;True;L;TRAIN;GARE DE ST NOM LA BRETECHE FORET DE MARLY;GARE DE ST NOM LA BRETECHE FORET DE MARLY (L'Étang-la-Ville)
3;6;WALK;20181029T180000;20181029T180203;20181029T195717;2.65320;48.93987;2.13478;48.82314;20181029T192900;20181029T193436;0;0;0;0;336;stop_point:8738243:800:L;GARE DE LA CELLE ST CLOUD (La Celle-Saint-Cloud);2.138125;48.84272;stop_point:2:66;La Celle Saint-Cloud Gare (La Celle-Saint-Cloud);2.138125;48.84272;False;;;;
3;7;WALK;20181029T180000;20181029T180203;20181029T195717;2.65320;48.93987;2.13478;48.82314;20181029T193436;20181029T193500;0;0;0;0;24;;;;;;;;;;;;;
3;8;BUS;20181029T180000;20181029T180203;20181029T195717;2.65320;48.93987;2.13478;48.82314;20181029T193500;20181029T195300;0;0;5064;0;1080;stop_point:2:66;La Celle Saint-Cloud Gare (La Celle-Saint-Cloud);2.13847;48.843129;stop_point:2:44;Corneille (Le Chesnay-Rocquencourt);2.13847;48.843129;True;H;Phébus;Gare Rive Gauche;Gare Rive Gauche (Versailles)
3;9;WALK;20181029T180000;20181029T180203;20181029T195717;2.65320;48.93987;2.13478;48.82314;20181029T195300;20181029T195717;0;0;287;0;257;;;2.13170;48.82286;;22 Rue Molière (Le Chesnay-Rocquencourt);2.13170;48.82286;False;;;;
4;1;CAR;20181029T180000;20181029T180032;20181029T195717;2.65320;48.93987;2.13478;48.82314;20181029T180032;20181029T182200;0;0;11148.447780194645;0;1288;;;2.65320;48.93987;stop_point:8711352:800:E;GARE DE CHENAY GAGNY (Gagny);2.65320;48.93987;False;;;;
4;2;RAIL;20181029T180000;20181029T180032;20181029T195717;2.65320;48.93987;2.13478;48.82314;20181029T182200;20181029T185100;0;0;18002;0;1740;stop_point:8711352:800:E;GARE DE CHENAY GAGNY (Gagny);2.552882;48.877158;stop_point:8728189:800:E;HAUSSMANN ST LAZARE (Paris);2.552882;48.877158;True;E;RER;HAUSSMANN ST LAZARE;HAUSSMANN ST LAZARE (Paris)
4;3;WALK;20181029T180000;20181029T180032;20181029T195717;2.65320;48.93987;2.13478;48.82314;20181029T185100;20181029T185800;0;0;0;0;420;stop_point:8728189:800:E;HAUSSMANN ST LAZARE (Paris);2.326718;48.875029;stop_point:8738400:800:L;GARE ST LAZARE (Paris);2.326718;48.875029;False;;;;
4;4;WALK;20181029T180000;20181029T180032;20181029T195717;2.65320;48.93987;2.13478;48.82314;20181029T185800;20181029T185900;0;0;0;0;60;;;;;;;;;;;;;
4;5;RAIL;20181029T180000;20181029T180032;20181029T195717;2.65320;48.93987;2.13478;48.82314;20181029T185900;20181029T192900;0;0;19589;0;1800;stop_point:8738400:800:L;GARE ST LAZARE (Paris);2.324738;48.876837;stop_point:8738243:800:L;GARE DE LA CELLE ST CLOUD (La Celle-Saint-Cloud);2.324738;48.876837;True;L;TRAIN;GARE DE ST NOM LA BRETECHE FORET DE MARLY;GARE DE ST NOM LA BRETECHE FORET DE MARLY (L'Étang-la-Ville)
4;6;WALK;20181029T180000;20181029T180032;20181029T195717;2.65320;48.93987;2.13478;48.82314;20181029T192900;20181029T193436;0;0;0;0;336;stop_point:8738243:800:L;GARE DE LA CELLE ST CLOUD (La Celle-Saint-Cloud);2.138125;48.84272;stop_point:2:66;La Celle Saint-Cloud Gare (La Celle-Saint-Cloud);2.138125;48.84272;False;;;;
4;7;WALK;20181029T180000;20181029T180032;20181029T195717;2.65320;48.93987;2.13478;48.82314;20181029T193436;20181029T193500;0;0;0;0;24;;;;;;;;;;;;;
4;8;BUS;20181029T180000;20181029T180032;20181029T195717;2.65320;48.93987;2.13478;48.82314;20181029T193500;20181029T195300;0;0;5064;0;1080;stop_point:2:66;La Celle Saint-Cloud Gare (La Celle-Saint-Cloud);2.13847;48.843129;stop_point:2:44;Corneille (Le Chesnay-Rocquencourt);2.13847;48.843129;True;H;Phébus;Gare Rive Gauche;Gare Rive Gauche (Versailles)
4;9;WALK;20181029T180000;20181029T180032;20181029T195717;2.65320;48.93987;2.13478;48.82314;20181029T195300;20181029T195717;0;0;287;0;257;;;2.13170;48.82286;;22 Rue Molière (Le Chesnay-Rocquencourt);2.13170;48.82286;False;;;;
5;1;CAR;20181029T180000;20181029T180318;20181029T200457;2.65320;48.93987;2.13478;48.82314;20181029T180318;20181029T183300;0;0;15428.342684288518;0;1782;;;2.65320;48.93987;stop_point:8775831:810:A;GARE DE NEUILLY PLAISANCE (Neuilly-Plaisance);2.65320;48.93987;False;;;;
5;2;RAIL;20181029T180000;20181029T180318;20181029T200457;2.65320;48.93987;2.13478;48.82314;20181029T183300;20181029T191200;0;0;28807;0;2340;stop_point:8775831:810:A;GARE DE NEUILLY PLAISANCE (Neuilly-Plaisance);2.513825;48.853486;stop_point:8775806:810:A;GARE DE CHATOU CROISSY (Chatou);2.513825;48.853486;True;A;RER;GARE DU VESINET LE PECQ;GARE DU VESINET LE PECQ (Le Vésinet)
5;3;WALK;20181029T180000;20181029T180318;20181029T200457;2.65320;48.93987;2.13478;48.82314;20181029T191200;20181029T191455;0;0;0;0;175;stop_point:8775806:810:A;GARE DE CHATOU CROISSY (Chatou);2.155903;48.885211;stop_point:16:19078;Gare de Chatou - Croissy (Chatou);2.155903;48.885211;False;;;;
5;4;WALK;20181029T180000;20181029T180318;20181029T200457;2.65320;48.93987;2.13478;48.82314;20181029T191455;20181029T191800;0;0;0;0;185;;;;;;;;;;;;;
5;5;BUS;20181029T180000;20181029T180318;20181029T200457;2.65320;48.93987;2.13478;48.82314;20181029T191800;20181029T194700;0;0;7516;0;1740;stop_point:16:19078;Gare de Chatou - Croissy (Chatou);2.154608;48.885018;stop_point:16:19532;Hôpital André Mignot (Le Chesnay-Rocquencourt);2.154608;48.885018;True;D;Bus en Seine;Centre Commercial Parly 2;Centre Commercial Parly 2 (Le Chesnay-Rocquencourt)
5;6;WALK;20181029T180000;20181029T180318;20181029T200457;2.65320;48.93987;2.13478;48.82314;20181029T194700;20181029T200457;0;0;1203;0;1077;;;2.12840;48.82969;;22 Rue Molière (Le Chesnay-Rocquencourt);2.12840;48.82969;False;;;;
6;1;CAR;20181029T180000;20181029T181421;20181029T202352;2.65320;48.93987;2.13478;48.82314;20181029T181421;20181029T182300;0;0;4487.575423673032;0;519;;;2.65320;48.93987;stop_point:8727152:810:B;GARE DE MITRY CLAYE (Mitry-Mory);2.65320;48.93987;False;;;;
6;2;RAIL;20181029T180000;20181029T181421;20181029T202352;2.65320;48.93987;2.13478;48.82314;20181029T182300;20181029T185900;0;0;28408;0;2160;stop_point:8727152:810:B;GARE DE MITRY CLAYE (Mitry-Mory);2.642406;48.975859;stop_point:8775860:810:B;CHATELET LES HALLES (Paris);2.642406;48.975859;True;B;RER;GARE DE MASSY PALAISEAU RER B;GARE DE MASSY PALAISEAU RER B (Massy)
6;3;WALK;20181029T180000;20181029T181421;20181029T202352;2.65320;48.93987;2.13478;48.82314;20181029T185900;20181029T190148;0;0;0;0;168;stop_point:8775860:810:B;CHATELET LES HALLES (Paris);2.347013;48.861822;stop_point:8775860:810:A;CHATELET LES HALLES (Paris);2.347013;48.861822;False;;;;
6;4;WALK;20181029T180000;20181029T181421;20181029T202352;2.65320;48.93987;2.13478;48.82314;20181029T190148;20181029T190200;0;0;0;0;12;;;;;;;;;;;;;
6;5;RAIL;20181029T180000;20181029T181421;20181029T202352;2.65320;48.93987;2.13478;48.82314;20181029T190200;20181029T193300;0;0;20552;0;1860;stop_point:8775860:810:A;CHATELET LES HALLES (Paris);2.347013;48.861822;stop_point:8775809:810:A;GARE DE ST GERMAIN EN LAYE (Saint-Germain-en-Laye);2.347013;48.861822;True;A;RER;GARE DE ST GERMAIN EN LAYE;GARE DE ST GERMAIN EN LAYE (Saint-Germain-en-Laye)
6;6;WALK;20181029T180000;20181029T181421;20181029T202352;2.65320;48.93987;2.13478;48.82314;20181029T193300;20181029T193836;0;0;0;0;336;stop_point:8775809:810:A;GARE DE ST GERMAIN EN LAYE (Saint-Germain-en-Laye);2.094837;48.898076;stop_point:15:286;Rue Thiers (Saint-Germain-en-Laye);2.094837;48.898076;False;;;;
6;7;WALK;20181029T180000;20181029T181421;20181029T202352;2.65320;48.93987;2.13478;48.82314;20181029T193836;20181029T194500;0;0;0;0;384;;;;;;;;;;;;;
6;8;BUS;20181029T180000;20181029T181421;20181029T202352;2.65320;48.93987;2.13478;48.82314;20181029T194500;20181029T200700;0;0;10882;0;1320;stop_point:15:286;Rue Thiers (Saint-Germain-en-Laye);2.096755;48.897525;stop_point:15:274;Place de la Loi (Versailles);2.096755;48.897525;True;1;Express 1;Gare de Versailles Rive Gauche;Gare de Versailles Rive Gauche (Versailles)
6;9;WALK;20181029T180000;20181029T181421;20181029T202352;2.65320;48.93987;2.13478;48.82314;20181029T200700;20181029T202352;0;0;1111;0;1012;;;2.12833;48.81501;;22 Rue Molière (Le Chesnay-Rocquencourt);2.12833;48.81501;False;;;;
7;1;CAR;20181029T180000;20181029T181233;20181029T202352;2.65320;48.93987;2.13478;48.82314;20181029T181233;20181029T183600;0;0;12166.589741354002;0;1407;;;2.65320;48.93987;stop_point:8775835:810:A;GARE DE NOISIEL (Noisiel);2.65320;48.93987;False;;;;
7;2;RAIL;20181029T180000;20181029T181233;20181029T202352;2.65320;48.93987;2.13478;48.82314;20181029T183600;20181029T193300;0;0;41575;0;3420;stop_point:8775835:810:A;GARE DE NOISIEL (Noisiel);2.615952;48.843492;stop_point:8775809:810:A;GARE DE ST GERMAIN EN LAYE (Saint-Germain-en-Laye);2.615952;48.843492;True;A;RER;GARE DE ST GERMAIN EN LAYE;GARE DE ST GERMAIN EN LAYE (Saint-Germain-en-Laye)
7;3;WALK;20181029T180000;20181029T181233;20181029T202352;2.65320;48.93987;2.13478;48.82314;20181029T193300;20181029T193836;0;0;0;0;336;stop_point:8775809:810:A;GARE DE ST GERMAIN EN LAYE (Saint-Germain-en-Laye);2.094837;48.898076;stop_point:15:286;Rue Thiers (Saint-Germain-en-Laye);2.094837;48.898076;False;;;;
7;4;WALK;20181029T180000;20181029T181233;20181029T202352;2.65320;48.93987;2.13478;48.82314;20181029T193836;20181029T194500;0;0;0;0;384;;;;;;;;;;;;;
7;5;BUS;20181029T180000;20181029T181233;20181029T202352;2.65320;48.93987;2.13478;48.82314;20181029T194500;20181029T200700;0;0;10882;0;1320;stop_point:15:286;Rue Thiers (Saint-Germain-en-Laye);2.096755;48.897525;stop_point:15:274;Place de la Loi (Versailles);2.096755;48.897525;True;1;Express 1;Gare de Versailles Rive Gauche;Gare de Versailles Rive Gauche (Versailles)
7;6;WALK;20181029T180000;20181029T181233;20181029T202352;2.65320;48.93987;2.13478;48.82314;20181029T200700;20181029T202352;0;0;1111;0;1012;;;2.12833;48.81501;;22 Rue Molière (Le Chesnay-Rocquencourt);2.12833;48.81501;False;;;;
1;1;CAR;20181029T180000;20181029T180000;20181029T184301;2.04208;48.77882;2.38575;48.99779;20181029T180000;20181029T184301;0;0;47389;0;2581;;20 Place Claudel (Montigny-le-Bretonneux);2.04208;48.77882;;Avenue de la Pépinière (Sarcelles);2.04208;48.77882;False;;;;
2;1;CAR;20181029T180000;20181029T181405;20181029T201906;2.04208;48.77882;2.38575;48.99779;20181029T181405;20181029T182300;0;0;4288;0;535;;20 Place Claudel (Montigny-le-Bretonneux);2.04208;48.77882;;;2.04208;48.77882;False;;;;
2;2;RAIL;20181029T180000;20181029T181405;20181029T201906;2.04208;48.77882;2.38575;48.99779;20181029T182300;20181029T185200;0;0;19423;0;1740;stop_point:8739322:800:N;GARE DE ST CYR (Saint-Cyr-l'École);2.071847;48.798708;stop_point:8739100:800:N;GARE MONTPARNASSE (Paris);2.071847;48.798708;True;N;TRAIN;GARE MONTPARNASSE;GARE MONTPARNASSE (Paris)
2;3;WALK;20181029T180000;20181029T181405;20181029T201906;2.04208;48.77882;2.38575;48.99779;20181029T185200;20181029T185612;0;0;0;0;252;stop_point:8739100:800:N;GARE MONTPARNASSE (Paris);2.320509;48.841187;stop_point:59268;Montparnasse-Bienvenue (Paris);2.320509;48.841187;False;;;;
2;4;WALK;20181029T180000;20181029T181405;20181029T201906;2.04208;48.77882;2.38575;48.99779;20181029T185612;20181029T185700;0;0;0;0;48;;;;;;;;;;;;;
2;5;SUBWAY;20181029T180000;20181029T181405;20181029T201906;2.04208;48.77882;2.38575;48.99779;20181029T185700;20181029T192700;0;0;12834;0;1800;stop_point:59268;Montparnasse-Bienvenue (Paris);2.321029;48.84208;stop_point:59540;Saint-Denis-Université (Saint-Denis);2.321029;48.84208;True;13;METRO;Saint-Denis-Université;Saint-Denis-Université (Saint-Denis)
2;6;WALK;20181029T180000;20181029T181405;20181029T201906;2.04208;48.77882;2.38575;48.99779;20181029T192700;20181029T193236;0;0;0;0;336;stop_point:59540;Saint-Denis-Université (Saint-Denis);2.362064;48.946114;stop_point:59:6741257;SAINT-DENIS - UNIVERSITE (Saint-Denis);2.362064;48.946114;False;;;;
2;7;WALK;20181029T180000;20181029T181405;20181029T201906;2.04208;48.77882;2.38575;48.99779;20181029T193236;20181029T193500;0;0;0;0;144;;;;;;;;;;;;;
2;8;BUS;20181029T180000;20181029T181405;20181029T201906;2.04208;48.77882;2.38575;48.99779;20181029T193500;20181029T200100;0;0;5599;0;1560;stop_point:59:6741257;SAINT-DENIS - UNIVERSITE (Saint-Denis);2.363879;48.945943;stop_point:59:6742331;THEODORE BULLIER (Sarcelles);2.363879;48.945943;True;268;RATP;VILLIERS LE BEL - GONESSE - ARNOUVILLE RER;VILLIERS LE BEL - GONESSE - ARNOUVILLE RER (Arnouville)
2;9;WALK;20181029T180000;20181029T181405;20181029T201906;2.04208;48.77882;2.38575;48.99779;20181029T200100;20181029T201906;0;0;1216;0;1086;;;2.37463;48.99158;;Avenue de la Pépinière (Sarcelles);2.37463;48.99158;False;;;;
1;1;CAR;20181029T080000;20181029T080000;20181029T082240;2.19375;48.71342;2.42111;48.65497;20181029T080000;20181029T082240;0;0;23118;0;1360;;Chemin de Corbeville à la Vauve (Palaiseau) (Orsay);2.19375;48.71342;;Chemin de la Sous-Station (Ris-Orangis);2.19375;48.71342;False;;;;
1;1;CAR;20181029T080000;20181029T080000;20181029T083034;2.68684;48.86155;2.38575;48.99779;20181029T080000;20181029T083034;0;0;35541;0;1834;;Rue des Closeaux (Saint-Thibault-des-Vignes) (Gouvernes);2.68684;48.86155;;Avenue de la Pépinière (Sarcelles);2.68684;48.86155;False;;;;
2;1;CAR;20181029T080000;20181029T080150;20181029T092736;2.68684;48.86155;2.38575;48.99779;20181029T080150;20181029T080800;0;0;4861;0;370;;Rue des Closeaux (Saint-Thibault-des-Vignes) (Gouvernes);2.68684;48.86155;;;2.68684;48.86155;False;;;;
2;2;RAIL;20181029T080000;20181029T080150;20181029T092736;2.68684;48.86155;2.38575;48.99779;20181029T080800;20181029T083800;0;0;23922;0;1800;stop_point:8775837:810:A;GARE DE TORCY (Torcy);2.65513;48.839646;stop_point:8775860:810:A;CHATELET LES HALLES (Paris);2.65513;48.839646;True;A;RER;GARE DE ST GERMAIN EN LAYE;GARE DE ST GERMAIN EN LAYE (Saint-Germain-en-Laye)
2;3;WALK;20181029T080000;20181029T080150;20181029T092736;2.68684;48.86155;2.38575;48.99779;20181029T083800;20181029T084048;0;0;0;0;168;stop_point:8775860:810:A;CHATELET LES HALLES (Paris);2.347013;48.861822;stop_point:8775860:800:D;CHATELET LES HALLES (Paris);2.347013;48.861822;False;;;;
2;4;WALK;20181029T080000;20181029T080150;20181029T092736;2.68684;48.86155;2.38575;48.99779;20181029T084048;20181029T084200;0;0;0;0;72;;;;;;;;;;;;;
2;5;RAIL;20181029T080000;20181029T080150;20181029T092736;2.68684;48.86155;2.38575;48.99779;20181029T084200;20181029T090200;0;0;14034;0;1200;stop_point:8775860:800:D;CHATELET LES HALLES (Paris);2.347013;48.861822;stop_point:8727619:800:D;GARE DE GARGES SARCELLES (Garges-lès-Gonesse);2.347013;48.861822;True;D;RER;GARE DE GOUSSAINVILLE;GARE DE GOUSSAINVILLE (Goussainville)
2;6;WALK;20181029T080000;20181029T080150;20181029T092736;2.68684;48.86155;2.38575;48.99779;20181029T090200;20181029T090736;0;0;0;0;336;stop_point:8727619:800:D;GARE DE GARGES SARCELLES (Garges-lès-Gonesse);2.390594;48.976748;stop_point:59:4211734;GARGES-SARCELLES RER (Sarcelles);2.390594;48.976748;False;;;;
2;7;WALK;20181029T080000;20181029T080150;20181029T092736;2.68684;48.86155;2.38575;48.99779;20181029T090736;20181029T091200;0;0;0;0;264;;;;;;;;;;;;;
2;8;BUS;20181029T080000;20181029T080150;20181029T092736;2.68684;48.86155;2.38575;48.99779;20181029T091200;20181029T092000;0;0;2170;0;480;stop_point:59:4211734;GARGES-SARCELLES RER (Sarcelles);2.390598;48.977109;stop_point:59:6742267;LYCEE JEAN-JACQUES ROUSSEAU (Sarcelles);2.390598;48.977109;True;269;RATP;HOTEL DE VILLE D'ATTAINVILLE;HOTEL DE VILLE D'ATTAINVILLE (Attainville)
2;9;WALK;20181029T080000;20181029T080150;20181029T092736;2.68684;48.86155;2.38575;48.99779;20181029T092000;20181029T092736;0;0;511;0;456;;;2.38310;48.99442;;Avenue de la Pépinière (Sarcelles);2.38310;48.99442;False;;;;
1;1;CAR;20181029T080000;20181029T080000;20181029T085006;2.42111;48.65497;2.38575;48.99779;20181029T080000;20181029T085006;0;0;55862;0;3006;;Chemin de la Sous-Station (Ris-Orangis);2.42111;48.65497;;Avenue de la Pépinière (Sarcelles);2.42111;48.65497;False;;;;
2;1;CAR;20181029T080000;20181029T080657;20181029T092736;2.42111;48.65497;2.38575;48.99779;20181029T080657;20181029T082200;0;0;10890;0;903;;Chemin de la Sous-Station (Ris-Orangis);2.42111;48.65497;;;2.42111;48.65497;False;;;;
2;2;RAIL;20181029T080000;20181029T080657;20181029T092736;2.42111;48.65497;2.38575;48.99779;20181029T082200;20181029T090200;0;0;31009;0;2400;stop_point:8768182:800:D;GARE DE VILLENEUVE ST GEORGES (Villeneuve-Saint-Georges);2.446136;48.730117;stop_point:8727619:800:D;GARE DE GARGES SARCELLES (Garges-lès-Gonesse);2.446136;48.730117;True;D;RER;GARE DE GOUSSAINVILLE;GARE DE GOUSSAINVILLE (Goussainville)
2;3;WALK;20181029T080000;20181029T080657;20181029T092736;2.42111;48.65497;2.38575;48.99779;20181029T090200;20181029T090736;0;0;0;0;336;stop_point:8727619:800:D;GARE DE GARGES SARCELLES (Garges-lès-Gonesse);2.390594;48.976748;stop_point:59:4211734;GARGES-SARCELLES RER (Sarcelles);2.390594;48.976748;False;;;;
2;4;WALK;20181029T080000;20181029T080657;20181029T092736;2.42111;48.65497;2.38575;48.99779;20181029T090736;20181029T091200;0;0;0;0;264;;;;;;;;;;;;;
2;5;BUS;20181029T080000;20181029T080657;20181029T092736;2.42111;48.65497;2.38575;48.99779;20181029T091200;20181029T092000;0;0;2170;0;480;stop_point:59:4211734;GARGES-SARCELLES RER (Sarcelles);2.390598;48.977109;stop_point:59:6742267;LYCEE JEAN-JACQUES ROUSSEAU (Sarcelles);2.390598;48.977109;True;269;RATP;HOTEL DE VILLE D'ATTAINVILLE;HOTEL DE VILLE D'ATTAINVILLE (Attainville)
2;6;WALK;20181029T080000;20181029T080657;20181029T092736;2.42111;48.65497;2.38575;48.99779;20181029T092000;20181029T092736;0;0;511;0;456;;;2.38310;48.99442;;Avenue de la Pépinière (Sarcelles);2.38310;48.99442;False;;;;
3;1;CAR;20181029T080000;20181029T080109;20181029T092736;2.42111;48.65497;2.38575;48.99779;20181029T080109;20181029T081300;0;0;6873;0;711;;Chemin de la Sous-Station (Ris-Orangis);2.42111;48.65497;;;2.42111;48.65497;False;;;;
3;2;RAIL;20181029T080000;20181029T080109;20181029T092736;2.42111;48.65497;2.38575;48.99779;20181029T081300;20181029T081700;0;0;3360;0;240;stop_point:8768130:800:D;GARE DE VIGNEUX SUR SEINE (Vigneux-sur-Seine);2.414359;48.708366;stop_point:8768182:800:D;GARE DE VILLENEUVE ST GEORGES (Villeneuve-Saint-Georges);2.414359;48.708366;True;D;RER;GARE DE LYON RER D;GARE DE LYON RER D (Paris)
3;3;WALK;20181029T080000;20181029T080109;20181029T092736;2.42111;48.65497;2.38575;48.99779;20181029T081700;20181029T082200;0;0;0;0;300;;;;;;;;;;;;;
3;4;RAIL;20181029T080000;20181029T080109;20181029T092736;2.42111;48.65497;2.38575;48.99779;20181029T082200;20181029T090200;0;0;31009;0;2400;stop_point:8768182:800:D;GARE DE VILLENEUVE ST GEORGES (Villeneuve-Saint-Georges);2.446136;48.730117;stop_point:8727619:800:D;GARE DE GARGES SARCELLES (Garges-lès-Gonesse);2.446136;48.730117;True;D;RER;GARE DE GOUSSAINVILLE;GARE DE GOUSSAINVILLE (Goussainville)
3;5;WALK;20181029T080000;20181029T080109;20181029T092736;2.42111;48.65497;2.38575;48.99779;20181029T090200;20181029T090736;0;0;0;0;336;stop_point:8727619:800:D;GARE DE GARGES SARCELLES (Garges-lès-Gonesse);2.390594;48.976748;stop_point:59:4211734;GARGES-SARCELLES RER (Sarcelles);2.390594;48.976748;False;;;;
3;6;WALK;20181029T080000;20181029T080109;20181029T092736;2.42111;48.65497;2.38575;48.99779;20181029T090736;20181029T091200;0;0;0;0;264;;;;;;;;;;;;;
3;7;BUS;20181029T080000;20181029T080109;20181029T092736;2.42111;48.65497;2.38575;48.99779;20181029T091200;20181029T092000;0;0;2170;0;480;stop_point:59:4211734;GARGES-SARCELLES RER (Sarcelles);2.390598;48.977109;stop_point:59:6742267;LYCEE JEAN-JACQUES ROUSSEAU (Sarcelles);2.390598;48.977109;True;269;RATP;HOTEL DE VILLE D'ATTAINVILLE;HOTEL DE VILLE D'ATTAINVILLE (Attainville)
3;8;WALK;20181029T080000;20181029T080109;20181029T092736;2.42111;48.65497;2.38575;48.99779;20181029T092000;20181029T092736;0;0;511;0;456;;;2.38310;48.99442;;Avenue de la Pépinière (Sarcelles);2.38310;48.99442;False;;;;
1;1;CAR;20181029T080000;20181029T080000;20181029T083650;2.26971;48.77321;2.68684;48.86155;20181029T080000;20181029T083650;0;0;44330;0;2210;;Rue Eugène Sinet (Châtenay-Malabry);2.26971;48.77321;;Rue des Closeaux (Saint-Thibault-des-Vignes) (Gouvernes);2.26971;48.77321;False;;;;
2;1;CAR;20181029T080000;20181029T102434;20181029T114608;2.26971;48.77321;2.68684;48.86155;20181029T102434;20181029T104200;0;0;9047.872280307127;0;1046;;Rue Eugène Sinet (Châtenay-Malabry);2.26971;48.77321;stop_point:8775863:810:B;DENFERT ROCHEREAU (Paris);2.26971;48.77321;False;;;;
2;2;RAIL;20181029T080000;20181029T102434;20181029T114608;2.26971;48.77321;2.68684;48.86155;20181029T104200;20181029T104900;0;0;3280;0;420;stop_point:8775863:810:B;DENFERT ROCHEREAU (Paris);2.332852;48.834293;stop_point:8775860:810:B;CHATELET LES HALLES (Paris);2.332852;48.834293;True;B;RER;GARE DE MITRY CLAYE;GARE DE MITRY CLAYE (Mitry-Mory)
2;3;WALK;20181029T080000;20181029T102434;20181029T114608;2.26971;48.77321;2.68684;48.86155;20181029T104900;20181029T105148;0;0;0;0;168;stop_point:8775860:810:B;CHATELET LES HALLES (Paris);2.347013;48.861822;stop_point:8775860:810:A;CHATELET LES HALLES (Paris);2.347013;48.861822;False;;;;
2;4;WALK;20181029T080000;20181029T102434;20181029T114608;2.26971;48.77321;2.68684;48.86155;20181029T105148;20181029T105600;0;0;0;0;252;;;;;;;;;;;;;
2;5;RAIL;20181029T080000;20181029T102434;20181029T114608;2.26971;48.77321;2.68684;48.86155;20181029T105600;20181029T112500;0;0;24087;0;1740;stop_point:8775860:810:A;CHATELET LES HALLES (Paris);2.347013;48.861822;stop_point:8775837:810:A;GARE DE TORCY (Torcy);2.347013;48.861822;True;A;RER;GARE DE MARNE LA VALLEE CHESSY;GARE DE MARNE LA VALLEE CHESSY (Chessy)
2;6;WALK;20181029T080000;20181029T102434;20181029T114608;2.26971;48.77321;2.68684;48.86155;20181029T112500;20181029T112935;0;0;0;0;275;stop_point:8775837:810:A;GARE DE TORCY (Torcy);2.65513;48.839646;stop_point:9:1737;GARE DE TORCY (Torcy);2.65513;48.839646;False;;;;
2;7;WALK;20181029T080000;20181029T102434;20181029T114608;2.26971;48.77321;2.68684;48.86155;20181029T112935;20181029T113000;0;0;0;0;25;;;;;;;;;;;;;
2;8;BUS;20181029T080000;20181029T102434;20181029T114608;2.26971;48.77321;2.68684;48.86155;20181029T113000;20181029T114100;0;0;4295;0;660;stop_point:9:1737;GARE DE TORCY (Torcy);2.654381;48.83897;stop_point:9:946;PASTEUR (Gouvernes);2.654381;48.83897;True;21;Pep's;GARE DE LAGNY THORIGNY;GARE DE LAGNY THORIGNY (Thorigny-sur-Marne)
2;9;WALK;20181029T080000;20181029T102434;20181029T114608;2.26971;48.77321;2.68684;48.86155;20181029T114100;20181029T114608;0;0;344;0;308;;;2.69194;48.86046;;Rue des Closeaux (Saint-Thibault-des-Vignes) (Gouvernes);2.69194;48.86046;False;;;;
3;1;CAR;20181029T080000;20181029T085404;20181029T114608;2.26971;48.77321;2.68684;48.86155;20181029T085404;20181029T090100;0;0;3610.2618718133062;0;416;;Rue Eugène Sinet (Châtenay-Malabry);2.26971;48.77321;stop_point:59:5688789;BOURG-LA-REINE RER (Bourg-la-Reine);2.26971;48.77321;False;;;;
3;2;BUS;20181029T080000;20181029T085404;20181029T114608;2.26971;48.77321;2.68684;48.86155;20181029T090100;20181029T095600;0;0;11360;0;3300;stop_point:59:5688789;BOURG-LA-REINE RER (Bourg-la-Reine);2.313105;48.780171;stop_point:59:3619865;CRETEIL - L'ECHAT (Créteil);2.313105;48.780171;True;172;RATP;HOPITAL HENRI MONDOR;HOPITAL HENRI MONDOR (Créteil)
3;3;WALK;20181029T080000;20181029T085404;20181029T114608;2.26971;48.77321;2.68684;48.86155;20181029T095600;20181029T095816;0;0;0;0;136;stop_point:59:3619865;CRETEIL - L'ECHAT (Créteil);2.448231;48.796784;stop_point:92:12;CRETEIL L'ECHAT (Créteil);2.448231;48.796784;False;;;;
3;4;WALK;20181029T080000;20181029T085404;20181029T114608;2.26971;48.77321;2.68684;48.86155;20181029T095816;20181029T100000;0;0;0;0;104;;;;;;;;;;;;;
3;5;BUS;20181029T080000;20181029T085404;20181029T114608;2.26971;48.77321;2.68684;48.86155;20181029T100000;20181029T104200;0;0;17408;0;2520;stop_point:92:12;CRETEIL L'ECHAT (Créteil);2.448053;48.796308;stop_point:92:2;TORCY GARE (Torcy);2.448053;48.796308;True;100;Express 100 Torcy-Créteil;TORCY GARE;TORCY GARE (Torcy)
3;6;WALK;20181029T080000;20181029T085404;20181029T114608;2.26971;48.77321;2.68684;48.86155;20181029T104200;20181029T104421;0;0;0;0;141;stop_point:92:2;TORCY GARE (Torcy);2.654082;48.839098;stop_point:9:1737;GARE DE TORCY (Torcy);2.654082;48.839098;False;;;;
3;7;WALK;20181029T080000;20181029T085404;20181029T114608;2.26971;48.77321;2.68684;48.86155;20181029T104421;20181029T113000;0;0;0;0;2739;;;;;;;;;;;;;
3;8;BUS;20181029T080000;20181029T085404;20181029T114608;2.26971;48.77321;2.68684;48.86155;20181029T113000;20181029T114100;0;0;4295;0;660;stop_point:9:1737;GARE DE TORCY (Torcy);2.654381;48.83897;stop_point:9:946;PASTEUR (Gouvernes);2.654381;48.83897;True;21;Pep's;GARE DE LAGNY THORIGNY;GARE DE LAGNY THORIGNY (Thorigny-sur-Marne)
3;9;WALK;20181029T080000;20181029T085404;20181029T114608;2.26971;48.77321;2.68684;48.86155;20181029T114100;20181029T114608;0;0;344;0;308;;;2.69194;48.86046;;Rue des Closeaux (Saint-Thibault-des-Vignes) (Gouvernes);2.69194;48.86046;False;;;;
